ID number,Author last name,Variable name in dataset,strategy number (for sorting),Strategy name,AI Coded Value,Textual Evidence,Rationale,Secondary coder assessment ,Human Coded Value,Notes from secondary coder ,"Team member checking when secondary coder votes ""no""",Rationale
3936,Farley,strat_19,19,Build a coalition,1,The Federally Qualified Urban Health Network (FUHN) is an organization of 10 FQHCs located in the Twin Cities and Mankato areas of Minnesota operating under an integrated health partnership serving underserved populations.,"The implementation took place within an established integrated health partnership of multiple FQHCs, which constitutes a coalition of partners for the implementation effort.",Correct,1,"Jure, in our prior coding we coded things such as the following as evidence of a coalition (The Oregon health plan collaborated with six FQHC; 27 practices were approached for enrollment, all of which had established relationships with 1 of the 3 participating regional PBRNs; The partners engaged in the application of the VTF within each project year included: National Association of Community Health Centers, â€¦Health Centers, â€¦Primary Care Associations, â€¦Health Center Controlled Networks) .",,
4052,Gautom,strat_19,19,Build a coalition,1,"PRECISE was conducted as a partnership between the Kaiser Permanente Center for Health Research and Sea Mar Community Health Centers, a large, multi-facility FQHC headquartered in Seattle, Washington.","The text explicitly states the study was conducted as a partnership between a research center and a community health center, which fits the definition of recruiting partners for an implementation effort.",Correct,1,,,
4069,Glasser,strat_19,19,Build a coalition,1,"In 2016, Roswell Park Comprehensive Cancer Center (Roswell), an NCI-designated cancer center in downtown Buffalo, partnered with the Jericho Road Community Health Center (JRCHC) to increase CRC screening rates as a quality improvement (QI) intervention.",The project established a formal partnership between a cancer center and an FQHC to cultivate relationships and work together on the implementation effort.,No,0,I coded as no because Roswell was the academic site (all papers have an academic site; the coalition should go beyond the connection between the academic site and one FQHC),No,Agree with secondary coder
4701,Katz,strat_19,19,Build a coalition,1,"The pilot study was conducted in partnership with a federally qualified health center (FQHC) located in Scioto County, Ohio to pilot test the mailed FIT outreach program, called Fit Starts at 45.","The research team recruited and cultivated a relationship with an FQHC partner to collaborate on the implementation effort, with the FQHC taking responsibility for tasks like identifying patients and managing results.",No,0,,No,Same logic as above
4545,TangkaFKL,strat_19,19,Build a coalition,1,"For its own mission and CRCCP‐outlined goals AltaMed has created partnerships with primary care associations, hospitals, and social need providers to improve health equity and increase CRC screening uptake in its patient population.",This quote indicates that the organization deliberately formed relationships with external partners like hospitals and social need providers specifically to support the implementation goal of increasing colorectal cancer screening uptake.,Correct,1,,,
4684,Thakur,strat_19,19,Build a coalition,1,"The authors express their gratitude to Abbott for donating the Libre Pro sensors for participants, as well as the Abbott Fund’s ongoing support of digital health programs at the Community-University Health Care Center (CUHCC).","This describes a partnership with an external company, Abbott, which provided essential resources (sensors) and ongoing support for the implementation effort, fitting the definition of building a coalition.",Correct,1,,,
3934,Venishetty,strat_19,19,Build a coalition,1,Most of the program’s work is done through collaborative agreements and collaborations with multiple community organizations and FQHCs.,"This quote describes the recruitment and cultivation of relationships with FQHCs and other community organizations as partners in the implementation effort, which is the core of building a coalition.",Correct,1,,,
4202,Coronado,strat_21,21,Conduct local consensus discussions,1,"We used boot camp translation (BCT; ref. 27), a validated community engagement process, to develop the content and select the format of advance notiﬁcations and reminders for the enhanced program (25).","The study used a community engagement process called boot camp translation to involve patients in developing the content and format of the intervention materials, which aligns with conducting local consensus discussions to ensure appropriateness.",Correct,1,"This could have been coded as engage patients and families, but I chose to code it as consensus building because it likely focused on providers etc and we would likely have coded it as yes, sort of based on our prior coding ",,
3994,Ghosh,strat_21,21,Conduct local consensus discussions,1,"This data was presented to the EBNHC clinical and administrative leadership in February 2021. A proposal was made to (1) validate the overdue CCS list, (2) create CCS-­only clinics, and (3) improve clinical and electronic CCS workflows. This project was approved by the Project Steering Committee March 2021.","The project team presented data on the problem of overdue screenings to local clinical and administrative leadership, who then discussed and approved the proposed intervention, which fits the definition of conducting local consensus discussions to establish the problem's importance.",Correct,1,,,
4069,Glasser,strat_21,21,Conduct local consensus discussions,1,"Using a community-based participatory approach, we collectively designed and developed an intervention to improve the CRC screening rates.","The project involved local stakeholders in collectively designing the intervention, which constitutes a local consensus discussion to ensure the appropriateness of the approach.",Correct,1,,,
4701,Katz,strat_21,21,Conduct local consensus discussions,1,"The pilot study followed the development of the program by extensive input from Appalachian community members and healthcare providers practicing in Appalachia Ohio that occurred prior to the start of the COVID-19 pandemic. Three focus groups and five interviews were conducted with 19 community members and four groups with 18 healthcare providers (physicians, nurse practitioners).",The study included local community members and healthcare providers in focus groups and interviews to discuss barriers to screening and the appropriateness of the proposed intervention materials.,Correct,1,,,
4811,Bowen,strat_23,23,Develop and/or leveraging academic partnerships,1,"Pamela G. Bowen, PhD, BBA, CRNP, FNP-BC, is an Associate Professor, Ashley Clark, CRNP, DNP, is a Graduate, Tamaria Dunn, CRNP, DNP, is a Graduate, Lakimbrell Marshall, CRNP, DNP, is a Graduate, Anaidra Reese, CRNP, DNP, is a Graduate, and Tedra S. Smith, DNP, CPNP-PC, CNE, CHSE, is an Associate Professor, School of Nursing, University of Alabama at Birmingham, Birmingham, AL.","The quality improvement project was led and administered by associate professors and graduates from the School of Nursing at the University of Alabama at Birmingham, demonstrating a partnership with an academic unit to bring expertise to the implementation effort.",No,0,"Jure, I checked our prior coding and essentially the article needs to reference the academic institution in the text (not just in the author affilications). Examples include: One clinical pharmacist was a faculty member funded from the school of pharmacy; references to participating students and research assistants; protocol approved by university IRB. Note we only coded it 14 times out of 74 articles last time   ",No,Agree + same issue as above
5032,Burgermaster,strat_23,23,Develop and/or leveraging academic partnerships,1,This study was approved by the University of Texas at Austin Institutional Review Board no. STUDY00002261 is under an expedited review.,"The study was conducted by university researchers in partnership with a community health center network and required university institutional review board approval, demonstrating a formal academic partnership to bring research skills to the project.",Correct,1,"Search for ""university""",,
4247,Coronado,strat_23,23,Develop and/or leveraging academic partnerships,1,"1Kaiser Permanente Center for Health Research, Portland, Oregon. 2University of Arizona Cancer Center, Tucson, Arizona. 3AltaMed Health Services Corporation, Los Angeles, California.","The study was conducted at an FQHC (AltaMed) in partnership with academic and research centers (Kaiser, University of Arizona) that brought research skills to the implementation project.",Correct,1,"""trained by the study team""",,
3936,Farley,strat_23,23,Develop and/or leveraging academic partnerships,1,"Author affiliations College of Pharmacy, University of Minnesota, Minneapolis (Farley and Pradeep); Federally Qualified Urban Health Network, Minneapolis, MN (Pradeep).","The study was conducted and authored by researchers from the University of Minnesota's College of Pharmacy in partnership with the health network, demonstrating an academic partnership bringing research skills to evaluate the project.",No,0,Could not find any references to the university in the paper ,No,"Although upon reflection, it is interesting AI is picking up on this. Wish my students were this thorough :)"
4052,Gautom,strat_23,23,Develop and/or leveraging academic partnerships,1,"PRECISE was conducted as a partnership between the Kaiser Permanente Center for Health Research and Sea Mar Community Health Centers, a large, multi-facility FQHC headquartered in Seattle, Washington.","The study involved a partnership between a community health center and a dedicated health research center, which brought research skills to the implementation project, fitting the definition of leveraging academic-like partnerships.",correct,1,"Clinic staff were ""trained by the research team""",,
4069,Glasser,strat_23,23,Develop and/or leveraging academic partnerships,1,"In 2016, Roswell Park Comprehensive Cancer Center (Roswell), an NCI-designated cancer center in downtown Buffalo, partnered with the Jericho Road Community Health Center (JRCHC) to increase CRC screening rates as a quality improvement (QI) intervention.","The FQHC partnered with an NCI-designated cancer center, which is an academic institution, to bring research and clinical skills to the implementation project.",Correct,1,Roswell park is an academic research center (I checked this).  It is named multiple times in paper,,
4674,HudakKMA,strat_23,23,Develop and/or leveraging academic partnerships,1,The study was performed under funding received by NORC at the University of Chicago from the Food Bank Council of Michigan.,"The program partnered with a research organization, NORC at the University of Chicago, to bring research and evaluation skills to the implementation project.",No,0,Only reference was to the IRB board,No,agree
4701,Katz,strat_23,23,Develop and/or leveraging academic partnerships,1,"The pilot study was conducted in partnership with a federally qualified health center (FQHC) located in Scioto County, Ohio to pilot test the mailed FIT outreach program, called Fit Starts at 45.","Researchers from The Ohio State University, an academic institution, partnered with a community FQHC to bring research skills to the implementation project.",Correct,1,Almost all authors are at an academic institution. Refers to the FQHC repeatedly as the partner,,
4036,McAtee,strat_23,23,Develop and/or leveraging academic partnerships,1,The authors also thank the Community Health Worker Association of Rhode Island and Rhode Island College (RIC) Institute for Education in Healthcare for facilitating the Specialty Endorsement in Cardiovascular Health & Diabetes (CVD/DM).,"The program partnered with a college's Institute for Education in Healthcare to facilitate the specialty training for the community health workers, which aligns with leveraging an academic partnership for shared training.",Correct,1,"thanked ""Rhode Island College (RIC) Institute for Education in Healthcare for facilitating the Specialty Endorsement in Cardiovascular Health & Diabetes """,,
3987,Nuno,strat_23,23,Develop and/or leveraging academic partnerships,1,"The University of Arizona (UArizona), in collaboration with El Colegio de Sonora in Hermosillo, Sonora, Mexico, developed the MSD curriculum to decrease CVD and its complications in a Mexican population diagnosed with T2D.","This quote describes a partnership between two academic institutions, the University of Arizona and El Colegio de Sonora, to develop the intervention curriculum for the implementation project.",Correct,1,See column G; pretty clear,,
4647,Samuel-Hodge,strat_23,23,Develop and/or leveraging academic partnerships,1,"We recruited and enrolled staﬀfrom CHCs and local HDs, and site staﬀreferred potential participants to University staﬀfor screening, consent and enrollment.","The university research team partnered with public health sites, bringing research skills for screening, consent, and enrollment to the implementation project.",Correct,1,See column G; pretty clear,,
3974,Shareef,strat_23,23,Develop and/or leveraging academic partnerships,1,The study was approved by the Institutional Review Board Administration of Family Health Centers of San Diego and University of California San Diego.,"The project was a collaboration between a federally qualified health center and academic institutions, including the University of California San Diego, as evidenced by the joint IRB approval and author affiliations.",No,0,"Found no references to university, study team, students, research assistants etc",No,"Thought: we're detecting false positives, which is great - I always tell my teams to err on the side of coding/capturing too much, we can then weed out irrelevant stuff. It's hard to detect false negatives this way tho. Was the AI instructed to err on the side of false positives?"
4684,Thakur,strat_23,23,Develop and/or leveraging academic partnerships,1,Coauthor (AT) time and the secure availability of clinical data for analysis were supported by the Clinical and Translational Science Award.,"This shows the project leveraged resources and research skills from an academic partner, the Clinical and Translational Science Institute, to support data analysis for the implementation project.",Correct,1,See column G; pretty clear,,
3934,Venishetty,strat_23,23,Develop and/or leveraging academic partnerships,1,Ethical approval for the study was obtained from the Institutional Review Board of Texas Tech University Health Sciences Center El Paso.,"This quote, along with the academic affiliations of the authors, indicates a formal partnership between community FQHCs and a university to bring research skills to the implementation project.",Correct,1,References to project team and study team ,,
4068,Yan,strat_23,23,Develop and/or leveraging academic partnerships,1,"Patient data was shared by clinics with the University of Chicago as limited datasets and were saved on password protected, secure servers.","The study involves a partnership between the University of Chicago and multiple FQHCs, where the academic partner provides research expertise and data management for the implementation project conducted at the clinical sites.",Correct,1,See column G; pretty clear,,
3974,Shareef,strat_27,27,Involve executive boards,1,Results of the initial PDSA cycle were assessed through review of quantitative data and interactive dialogues with the patient navigation and care coordination teams and Family Health Centers of San Diego leaders.,The project team involved organizational leaders in the implementation effort by engaging them in interactive dialogues to assess progress and make changes between PDSA cycles.,Correct,1,See column G; pretty clear,,
4684,Thakur,strat_27,27,Involve executive boards,1,"The chief executive officer and the chief innovation & strategy officer, both of whom are advocates for digital technology to address health equity, were an integral part of this collaborative effort.","This shows the involvement of top-level administrative leadership (CEO and Chief Innovation & Strategy Officer) in the implementation effort, which aligns with the strategy of involving governing structures.",Correct,1,See column G; pretty clear,,
3934,Venishetty,strat_27,27,Involve executive boards,1,including a letter from the medical director of each recruitment site as the first page of the mailed packet to inform patients about how our program received their information,"This quote shows the involvement of clinical leadership (the medical director) in the implementation effort by using their authority to endorse the program and legitimize it for patients, which aligns with involving leadership with 'top-down' powers.",Correct,1,See column G; pretty clear,,
3528,Kim,strat_29,29,Obtain formal commitments,1,A data use agreement was signed by the health center and the ACTIVATE team that allowed for use of a Health Insurance Portability and Accountability Act limited data set for analysis purposes.,"This quote describes a signed data use agreement between the implementation team and the health center, which constitutes a formal written commitment outlining roles and responsibilities for the project.",Correct,1,See column G; pretty clear,,
4036,McAtee,strat_29,29,Obtain formal commitments,1,Quarterly data reports were used to account for required contract deliverables.,"The program used contracts with required deliverables, which represents a formal written commitment from partners detailing their responsibilities for data reporting.",Correct,1,See column G; pretty clear,,
3934,Venishetty (should have included Coronado not Venishetty),strat_29,29,Obtain formal commitments,1,Most of the program’s work is done through collaborative agreements and collaborations with multiple community organizations and FQHCs.,"This quote explicitly mentions ""collaborative agreements,"" which are a form of written or formal commitment from key partners (the FQHCs) that state what they will do to support the implementation.",Correct,1,See column G; pretty clear,,
4115,Walker,strat_29,29,Obtain formal commitments,1,"Spokes were compensated with a stipend ranging from $2,500 to $10,000 for data acquisition and sharing based on spoke size and data acquisition complexity.","The provision of a stipend to participating clinics for data acquisition and sharing implies a formal agreement outlining roles, responsibilities, and tangible benefits for their participation in the implementation effort.",Correct,1,See column G; pretty clear,,
4069,Glasser,strat_30,30,Organize clinician implementation team meetings,1,"Additionally, core members of the team meet quarterly to review the QI reports and continue to enhance the program, identifying any subpopulations needing a different strategy as part of the continuous QI process.",The project organized regular meetings for the core implementation team to review progress reports and reflect on the implementation effort.,Correct,1,See column G; pretty clear,,
3528,Kim,strat_30,30,Organize clinician implementation team meetings,1,"The health care teamlet met in a huddle every week to discuss RPM data, treatment goals and current status, and adjustments to care plans.","This quote describes a dedicated team of clinicians meeting regularly to review data and discuss the ongoing implementation of the remote patient monitoring program, which directly matches the strategy's definition.",Correct,1,See column G; pretty clear,,
3974,Shareef,strat_30,30,Organize clinician implementation team meetings,1,Results of the initial PDSA cycle were assessed through review of quantitative data and interactive dialogues with the patient navigation and care coordination teams and Family Health Centers of San Diego leaders.,"The project held interactive dialogues with the patient navigation and care coordination teams to assess the results of the first implementation cycle, which constitutes a meeting to reflect on the effort and share lessons learned.",Correct,1,See column G; pretty clear,,
4520,Radtke (Strat_31 should have included Venishetty and Yan; not Radtke),strat_31,31,Promote network weaving,1,The integration of Food is Medicine interventions into local trusted organizations already established in the community may serve as an effective strategy for initiating and sustaining patient health behavior change.,"The intervention was deliberately integrated into existing, trusted local organizations to leverage their established community presence and relationships to implement the program effectively.",Correct,1,See column G; pretty clear; meets definition in codebook,,
4811,Bowen,strat_32,32,"Recruit, designate and train for leadership",1,"A 1-time, 60-minute learning management session regarding the implementation of the project was facilitated by the nurse practitioner (NP) with all clinic staff, including registered nurses (RNs), certiﬁed medical assistants (CMAs), and front-desk personnel, before the project’s implementation.",A nurse practitioner was designated as a leader for the change effort and trained all clinic staff on the implementation of the project before it began.,No.,0, The leader is the one who should receive the training (vs implement it),No,agree; was it captured under Train/Educate stakeholders domain?
3994,Ghosh,strat_32,32,"Recruit, designate and train for leadership",1,"The importance of the problem, magnitude of the deficit, and goals of the QI project were presented to all staff during quarterly staff meetings by the Chief Medical Officer.","The Chief Medical Officer was designated as a leader for the change effort and took an active role in communicating the project's goals to all staff, which fits the definition of designating leadership.",Correct,1,"Search for ""an outreach lead""",,
4701,Katz,strat_33,33,Use advisory boards and workgroups,1,"These sessions were followed by an iterative process of two intervention development sessions with ten community members who provided feedback about different video scripts and other intervention materials, and two review sessions with six community members and a physician who provided feedback prior to finalizing all intervention materials.",The study created and engaged workgroups of community members and a physician to provide input and advice on the development of the intervention materials.,Correct,1,See column G; pretty clear,,
4647,Samuel-Hodge,strat_33,33,Use advisory boards and workgroups,1,"The study team engaged both a Community Advisory Board (CAB) and study-speciﬁc workgroup for advice on site recruitment. CAB and workgroup members included representatives of governmental public health organizations (e.g., local health departments, community health centers, rural health groups), community based organizations, Area Health Education Centers (AHEC), and other health-related professionals.",The study team created and engaged a Community Advisory Board and a workgroup composed of diverse stakeholders to provide advice on the implementation effort.,Correct,1,See column G; pretty clear,,
4684,Thakur,strat_33,33,Use advisory boards and workgroups,1,"We enumerated the key takeaways from this project with a team-based approach involving key stakeholders in the program including the lead pharmacist and the data analyst. The chief executive officer and the chief innovation & strategy officer, both of whom are advocates for digital technology to address health equity, were an integral part of this collaborative effort.","This describes the formation of a formal group of multiple stakeholders, including clinicians and executive leadership, to provide input and advice on the implementation effort by identifying key lessons learned.",Correct,1,See column G; pretty clear,,
4052,Gautom,strat_34,34,Visit other sites,1,"The PRECISE PN program adapted the New Hampshire Colorectal Cancer Screening Program (NHCRCSP), which reported a 97% colonoscopy completion rate following PN services delivered by registered nurses to low-income patients who had an appointment for a colonoscopy","The study team explicitly adapted their patient navigation program from a successful, documented program at another site, which aligns with learning from other sites' successful implementation efforts.",No,0,"Not a clear match; plus, we never coded this as a yes in prior articles",No,agree; might be Adaptation (e.g. strat 15?)
4247,Coronado,strat_35,35,Use an implementation advisor,1,"1Kaiser Permanente Center for Health Research, Portland, Oregon. 2University of Arizona Cancer Center, Tucson, Arizona. 3AltaMed Health Services Corporation, Los Angeles, California.",The FQHC partnered with university-affiliated faculty and researchers from other institutions who served as outside experts providing guidance on the implementation and evaluation.,No,0,,No,agree
4069,Glasser,strat_35,35,Use an implementation advisor,1,"In efforts to resolve these barriers, the JRCHC approached Roswell for potential solutions.",The FQHC actively sought guidance from experts at the Roswell cancer center to find solutions for their implementation barriers.,Correct,1,See column G; pretty clear,,
4647,Samuel-Hodge,strat_35,35,Use an implementation advisor,1,Research team coaches implementation team on Med South delivery and implementation during monthly technical assistance phone calls.,"The research team, acting as implementation experts, provided coaching and guidance to the site implementation teams through monthly technical assistance calls.",Correct,1,See column G; pretty clear,,
3974,Shareef,strat_35,35,Use an implementation advisor,1,The study was approved by the Institutional Review Board Administration of Family Health Centers of San Diego and University of California San Diego.,"The project involved a partnership with university-affiliated faculty from the University of California San Diego, who served as outside experts providing guidance on the implementation effort.",No,0,,No,agree
4811,Bowen,strat_36,36,Conduct educational meetings,1,"A 1-time, 60-minute learning management session regarding the implementation of the project was facilitated by the nurse practitioner (NP) with all clinic staff, including registered nurses (RNs), certiﬁed medical assistants (CMAs), and front-desk personnel, before the project’s implementation.","This describes a specific meeting held with various clinic stakeholders to educate them about the implementation of the quality improvement program, which directly aligns with the definition of conducting educational meetings.",Correct,1,See column G; pretty clear,,
4247,Coronado,strat_36,36,Conduct educational meetings,1,Centralized clinic outreach staff were trained to deliver live advance notiﬁcation phone calls during a 4-hour in-person training delivered (in English and Spanish) by the study team.,The study held a 4-hour in-person training meeting for centralized clinic outreach staff to teach them how to deliver the live advance notification phone calls.,Correct,1,See column G; pretty clear,,
3994,Ghosh,strat_36,36,Conduct educational meetings,1,"The importance of the problem, magnitude of the deficit, and goals of the QI project were presented to all staff during quarterly staff meetings by the Chief Medical Officer.","The Chief Medical Officer held educational meetings with all staff to teach them about the quality improvement project, its goals, and the problem it aimed to solve.",Correct,1,See column G; pretty clear,,
4068,Yan,strat_36,36,Conduct educational meetings,1,Both in-person and online GVs included diabetes education led by a staff member or a guest speaker and a facilitator-led discussion to encourage peer support and goal setting.,"The study implemented group visits for patients which included a group diabetes education component led by staff or a guest speaker, fitting the definition of holding meetings to teach stakeholders about the clinical innovation.",No,0,"No, not directed at providers",No,agree; this should probably go under Engage Consumers... are we cross checking with other strategies/domains?
5032,Burgermaster,strat_37,37,Conduct educational outreach visits,1,Each consented PCP met with the study coordinator to review the overall purpose of the study and learn about patient baseline data collection with ASA24.,"A trained person from the study team met with individual providers in their practice setting to educate them about the study and intervention, which aligns with the definition of an educational outreach visit.",correct,1,See column G; pretty clear,,
5032,Burgermaster,strat_38,38,Conduct ongoing training,1,They also received training refresher materials along with the alert.,"In addition to initial training, providers received refresher materials during the trial, which constitutes a form of ongoing training to support their use of the Nutri system.",Correct,1,See column G; pretty clear,,
4069,Glasser,strat_38.  Code as strat_37,38,Conduct ongoing training,1,"To optimize the navigation process, patient navigators were trained in all relevant applications. This included EMR systems, insurance verification and prior authorization, as well as health information exchanges, registration, scheduling, and the coordination of supportive services (interpretation and transportation).","This quote describes training provided to the implementation staff (patient navigators) on the systems and processes needed to carry out the intervention, which aligns with the definition of conducting training. [note that ""onging"" is missing here]","No.    Code this as ""conduct educational meetings"" which are targeted toward specific groups ",0,"All instances where we coded ongoing training previously included references to repeated training over time sucha as the following:  project-wide virtual learning modalities including webinars, conference calls, and telephonic technical assistance and coaching. (Conduct ongoing training); ACS staff conducted training for FQHC staff during two in-person collaborative meetings and monthly virtual meetings; Full-day live learning sessionswere held every 6 months, supplemented by monthly interactive webinars (Conduct ongoing training,.",No,agree
4647,Samuel-Hodge,strat_38,38,Conduct ongoing training,1,"Counselors and members of the implementation team participated in trainings which included 2 self-guided online modules on nutrition and physical activity, completed by counselors, and a series of four 2-h web-based live trainings on program delivery and implementation, completed by both counselors and implementation teams.","The study provided structured, ongoing training to counselors and implementation teams through multiple formats, including online modules and live web-based sessions, to build their capacity to deliver and implement the Med-South program.",Correct,1,See column G; pretty clear; time element included ,,
4811,Bowen,strat_40,40,Develop educational materials,1,"Team members developed a 15-item pre-implementation, and a 10-item post implementation questionnaire adapted from a weight management program to reduce BMI among patients in a rural primary care clinic.","This describes the creation of new materials, specifically questionnaires, to support the implementation and evaluation of the intervention, which fits the definition of developing educational materials.",No,0,See column G; pretty clear.  No. This was a measure versus educational material,No,Agree; tho what an interesting false positive... 
4202,Coronado,strat_40,40,Develop educational materials,1,Patients in the standard mailed FIT condition were mailed a FIT kit with an introductory letter and a one-page educational sheet developed through the BCT process (26).,The text describes the development of an introductory letter and a one-page educational sheet to be included with the mailed FIT kit for patients.,Correct,1,See column G; pretty clear,,
4247,Coronado,strat_40,40,Develop educational materials,1,Outreach staff were given phone call scripts that included answers to frequently asked questions (in English and Spanish).,"The study developed phone call scripts with frequently asked questions for outreach staff to use when delivering the intervention, which are a form of educational material.",Correct,1,See column G; pretty clear,,
3994,Ghosh,strat_40,40,Develop educational materials,1,An orientation document regarding the CCS-­only clinics was created by the project lead and emailed to participating providers several days before the clinic to review.,"An orientation document was developed specifically to educate participating providers about the new CCS-only clinics, which constitutes the creation of educational materials.",Correct,1,See column G; pretty clear,,
4069,Glasser,strat_40,40,Develop educational materials,1,"This included the development of visual aids for patient education in the early stages of the intervention, such as the use of animal and human anatomy to review the gastrointestinal (GI) organs using pictures (Figure 1) and videos (https://www.youtube.com/watch?v=2ML78wLmVaA, accessed on 3 January 2024)).","This quote explicitly states that visual aids, including pictures and videos, were developed for patient education to make it easier for them to learn about the screening process.",Correct,1,See column G; pretty clear,,
4701,Katz,strat_40,40,Develop educational materials,1,"To address barriers to FIT return, a video brochure was developed providing targeted CRC screening information and step-by-step FIT instructions as a component in a mailed FIT program.","The study team developed a video brochure, an audio brochure, and associated letters to provide targeted information and instructions to patients about colorectal cancer screening and how to use the FIT kit.",Correct,1,See column G; pretty clear,,
3528,Kim,strat_40,40,Develop educational materials,1,They recommended multilingual tutorials and individual navigation assistance.,"The text indicates that as part of the co-design process, patient and community members recommended the creation of specific educational materials, multilingual tutorials, to help patients learn how to use the technology.",Correct,1,See column G; pretty clear,,
4746,Llavona-Ortiz,strat_40,40,Develop educational materials,1,"The SPLV intervention consisted of a TIMI, healthcare provider and patient prompts, and printed educational materials, including infographics and a newsletter (Table 1).","The study team developed a suite of printed and multimedia educational materials, including infographics and a newsletter, to inform patients about colorectal cancer screening.",Correct,1,See column G; pretty clear,,
4503,McCann,strat_40,40,Develop educational materials,1,The project leader created tip sheets on how to link external documentation in a way that will count toward UDS measures.,"The project team developed tip sheets, which are educational materials, to guide staff on the new workflow for linking external documentation in the EHR.",Correct,1,See column G; pretty clear,,
4258,Mehta,strat_40,40,Develop educational materials,1,Patients in the colonoscopy-only arm were mailed a letter describing the importance of colorectal cancer screening and encouraging them to get screened via colonoscopy using the colonoscopy referral included with the letter.,"The study developed letters containing educational content about the importance of screening and instructions for testing to send to patients, which aligns with the definition of developing educational materials.",Correct,1,,,
4520,Radtke,strat_40,40,Develop educational materials,1,"Additional nutrition education materials, guides, and referral sheets to other food and nutrition resources in the community were provided along with the food boxes.","The intervention created and provided guides and referral sheets to patients, which fits the definition of developing educational materials to help stakeholders learn about the innovation.",Correct,1,See column G; pretty clear,,
4545,TangkaFKL,strat_40,40,Develop educational materials,1,Texts included fotonovela (pictorial explanation) on colorectal cancer screening.,"The text describes the use of a fotonovela, a type of pictorial educational material, which was developed to explain colorectal cancer screening to patients.",Correct,1,See column G; pretty clear,,
3934,Venishetty,strat_40,40,Develop educational materials,1,simplifying the language of the leaflet and making all instructions pictorial with minimal text,"The study team actively revised an educational leaflet by simplifying its language and adding pictorial instructions to make it easier for patients to use, which is a core component of developing educational materials.",Correct,1,See column G; pretty clear,,
4068,Yan,strat_40,40,Develop educational materials,1,"Messages were available in both English and Spanish, written below a sixth-grade reading level, and culturally tailored for Black and Hispanic patients, with content designed to be practical and applicable for low-income patients.","The text messages for the intervention were specifically developed to be educational, available in multiple languages, written at a low reading level, and culturally tailored, which fits the definition of developing educational materials for stakeholders.",Correct,1,See column G; pretty clear,,
4811,Bowen,strat_41,41,Distribute educational materials,1,"The Athena electronic health records contained Healthwise education sheets that were printed, reviewed, and distributed to all participants prior to the conclusion of their initial visit.","This quote explicitly states that educational materials (Healthwise education sheets) were printed and distributed to all program participants, which is the core activity of this strategy.",Correct,1,See column G; pretty clear,,
4202,Coronado,strat_41,41,Distribute educational materials,1,Patients in the standard mailed FIT condition were mailed a FIT kit with an introductory letter and a one-page educational sheet developed through the BCT process (26).,The text explicitly states that an introductory letter and a one-page educational sheet were mailed to patients along with the FIT kit.,Correct,1,See column G; pretty clear,,
4247,Coronado,strat_41,41,Distribute educational materials,1,Outreach staff were given phone call scripts that included answers to frequently asked questions (in English and Spanish).,The study distributed the developed phone call scripts to the outreach staff to support their delivery of the intervention.,Correct,1,See column G; pretty clear,,
4052,Gautom,strat_41,41,Distribute educational materials,1,Patients were contacted within 30 days of mailing the introductory letter.,"The study mailed an introductory letter to patients as part of the intervention, which is a direct example of distributing educational materials.",Correct,1,See column G; pretty clear,,
3994,Ghosh,strat_41,41,Distribute educational materials,1,An orientation document regarding the CCS-­only clinics was created by the project lead and emailed to participating providers several days before the clinic to review.,The newly created orientation document was electronically distributed via email to the providers who were participating in the clinics.,Correct,1,See column G; pretty clear,,
4069,Glasser,strat_41,41,Distribute educational materials,1,"Once patients were contacted, the patient navigator provided culturally tailored education modified to the overall literacy and health literacy levels.","This quote indicates that patient navigators delivered education to patients, which functionally serves as distributing the educational materials that were specifically developed for this purpose.",Correct,1,See column G; pretty clear,,
4701,Katz,strat_41,41,Distribute educational materials,1,"Patients were randomly assigned to one of three groups that differed on materials sent with the FIT: usual care (manufacturer’s instructions), a video brochure (video instructions, disposable gloves, disposable stool collection device) or an audio brochure (audio instructions, disposable gloves, disposable stool collection device).","The study mailed educational materials, including video brochures, audio brochures, and manufacturer's instructions, to eligible patients as part of the FIT outreach program.",Correct,1,See column G; pretty clear,,
4746,Llavona-Ortiz,strat_41,41,Distribute educational materials,1,"Participants also received a tote bag containing informational flyers about on the FOBT/FIT, colonoscopy, a step-by-step guide on preparing for the CRCS tests, and a general summary of CRC and CRCS guidelines.",The study team distributed a tote bag with various informational flyers and guides directly to participants in the intervention group.,Correct,1,See column G; pretty clear,,
4258,Mehta,strat_41,41,Distribute educational materials,1,Patients in the colonoscopy-only arm were mailed a letter describing the importance of colorectal cancer screening and encouraging them to get screened via colonoscopy using the colonoscopy referral included with the letter.,"The core intervention of the study was mailing letters, referrals, and/or FIT kits directly to patients, which is a direct application of distributing educational materials.",Correct,1,See column G; pretty clear,,
4520,Radtke,strat_41,41,Distribute educational materials,1,"Additional nutrition education materials, guides, and referral sheets to other food and nutrition resources in the community were provided along with the food boxes.","The text explicitly states that educational materials, guides, and referral sheets were provided to patients along with their food boxes, which is a clear act of distribution.",Correct,1,See column G; pretty clear,,
4647,Samuel-Hodge,strat_41,41,Distribute educational materials,1,Additional strategies included distribution of educational materials (participant manuals and cookbooks) and monthly technical assistance calls.,"The research team actively distributed program-specific educational materials, including manuals and cookbooks, to the participating sites and participants to support program delivery.",Correct,1,See column G; pretty clear,,
4545,TangkaFKL,strat_41,41,Distribute educational materials,1,"AltaMed provided informational brochures to educate patients on all available screening options, and patients could choose a CRC screening test, for example FIT or FIT‐DNA, based on their preference during their discussion with providers.","The text states that informational brochures were provided to patients, which is a direct example of distributing educational materials to a target stakeholder group.",Correct,1,See column G; pretty clear,,
3934,Venishetty,strat_41,41,Distribute educational materials,1,"The mailed packet included a FIT kit, a baseline survey, a written consent form, and an educational leaflet with instructions on collecting the sample.","The study mailed an educational leaflet with instructions to participants as part of the intervention packet, which is a direct example of distributing educational materials.",Correct,1,See column G; pretty clear,,
4068,Yan,strat_41,41,Distribute educational materials,1,Patients received 3‐5 text messages per week.,"The intervention involved electronically distributing educational content to patients via 3-5 text messages per week, which directly aligns with the definition of distributing educational materials.",Correct,1,See rationale,,
4202,Coronado,strat_43,43,Provide ongoing consultation,1,"Project management for mailed FIT Includes planning, coordination, meetings, ongoing consultation, etc.","The text explicitly lists ongoing consultation as a component of project management for the mailed FIT program, indicating expert guidance was provided to support implementation.",Correct,1,See Rationale,,
4519,EspinozaSalomon,strat_43,43,Provide ongoing consultation,1,"Each week, a member of the study team reviewed each participant’s data with them, praising achievements, identifying barriers to physical activity, and discussing solutions.","The text describes study team members providing weekly, individualized consultation and feedback to participants based on their personal activity tracker data, which is tailored to their actual practice.",No,0,"No.  This should be at level of clinician not patient.  Coded appropriately as ""intevene with patients to enhance update""",No,agree
3994,Ghosh,strat_43,43,Provide ongoing consultation,1,A messaging pool was created in the EMR for providers to ask gynecologists questions about CCS necessity or frequency during the validation process.,"A dedicated messaging system was established for providers to receive ongoing, tailored consultation from expert gynecologists regarding specific patient cases during the chart validation phase.",Correct,1,See column G; pretty clear,,
3528,Kim,strat_43,43,Provide ongoing consultation,1,"Over 6 months, the ACTIVATE team met with clinic codesigners in several workstream meetings every 2 weeks: digital health pathway (clinic workﬂow, care coordination), technology (information technology, technology education, and training), and community engagement (digital health barriers, health education, patient outreach).","The external ACTIVATE research team provided ongoing, structured consultation to the clinic staff and providers over a six-month period through bi-weekly meetings to guide the implementation of the digital health program.",Correct,1,See column G; pretty clear,,
4647,Samuel-Hodge,strat_43,43,Provide ongoing consultation,1,Research team coaches implementation team on Med South delivery and implementation during monthly technical assistance phone calls,"The research team provided ongoing, tailored support to site implementation teams through monthly technical assistance calls, which constitutes consultation from experts on program delivery and implementation.",Correct,1,See column G; pretty clear,,
4811,Bowen,strat_45,45,Use train-the-trainer strategies,1,"An additional 30-minute educational training was conducted with 1 RN and 1 CMA, who functioned as health coaches for the program. The training provided the health care coaches with information to include in the weekly session with each participant.","This describes the nurse practitioner training other clinic staff (an RN and a CMA) to function as health coaches who would then deliver the intervention to patients, which is a clear example of a train-the-trainer strategy.",Correct,1,See column G; pretty clear,,
4036,McAtee,strat_46,46,Work with educational institutions,1,The authors also thank the Community Health Worker Association of Rhode Island and Rhode Island College (RIC) Institute for Education in Healthcare for facilitating the Specialty Endorsement in Cardiovascular Health & Diabetes (CVD/DM).,"This quote explicitly states that the program worked with an educational institution, Rhode Island College, to facilitate the training and endorsement for the community health workers.",Correct,1,See column G; pretty clear,,
3528,Kim,strat_47,47,Create new clinical teams,1,The clinic codesigners reengineered clinic workﬂows and assigned a health care teamlet to conduct program activities.,"The project deliberately assigned a specific teamlet, which included a provider, health coach, and a new digital health navigator role, to implement the intervention, thereby creating a new team structure to deliver the innovation.",Correct,1,See column G; pretty clear,,
4684,Thakur,strat_47,47,Create new clinical teams,1,"Our pilot implementation study of CGM was led by a pharmacist team, which consisted of 1.2 FTE clinical pharmacists and 2 FTE pharmacy residents. This interdisciplinary approach with recruitments by clinicians and nurses and follow-up by pharmacy team was chosen based on the evidence that collaborative health care teams are effective in integrating digital health in primary care settings","The study deliberately formed an interdisciplinary team involving pharmacists, clinicians, and nurses to implement the CGM program, which constitutes creating a clinical team to deliver the innovation.",Correct,1,See column G; pretty clear,,
4202,Coronado,strat_48,48,Develop resource sharing agreements,1,Texts and automated calls were sent by a contracted vendor (Stericycle Communication Solutions); the outgoing phone number was a local number.,"The study contracted with an external vendor to deliver automated text and phone call reminders, which constitutes a resource sharing agreement to implement the intervention.",Correct,1,Not coded very frequently in prior coding. Contracting was included under this code previously ,,
4052,Gautom,strat_48,48,Develop resource sharing agreements,1,"PRECISE was conducted as a partnership between the Kaiser Permanente Center for Health Research and Sea Mar Community Health Centers, a large, multi-facility FQHC headquartered in Seattle, Washington.","The implementation was facilitated by a formal partnership between a research center and an FQHC, which involved sharing resources like a REDCap database and research expertise to deliver the patient navigation program.",No.  ,0,No indication of a contract or agreement in text,No,Agree; tho was it coded under Develop stakeholder interrelationships?
4701,Katz,strat_48,48,Develop resource sharing agreements,1,"The pilot study was conducted in partnership with a federally qualified health center (FQHC) located in Scioto County, Ohio to pilot test the mailed FIT outreach program, called Fit Starts at 45.","The study partnered with an FQHC which provided essential resources like patient lists and staff time for medical record review and patient follow-up, fitting the definition of a resource sharing agreement.",No,0,No indication of a contract or agreement in text,No,Agree
3528,Kim,strat_48,48,Develop resource sharing agreements,1,A data use agreement was signed by the health center and the ACTIVATE team that allowed for use of a Health Insurance Portability and Accountability Act limited data set for analysis purposes.,"This quote describes a formal agreement between the health center and the external ACTIVATE research team to share patient data, a key resource needed for the analysis and evaluation of the implementation project.",Correct,1,See column G; pretty clear,,
4520,Radtke,strat_48,48,Develop resource sharing agreements,1,Patients were prescribed a weekly food voucher to be redeemed at the Merced County Food Bank.,"The clinical center partnered with a local food bank, which provided the food resources central to the ""Food is Medicine"" intervention, demonstrating a resource sharing agreement to implement the innovation.",Correct,1,Definition includes formal and informal methods of resource sharing ,,
4684,Thakur,strat_48,48,Develop resource sharing agreements,1,"Patients who were not able to afford the CGM sensor were provided with Libre Pro CGM sensors, which were donated to the CUHCC by Abbott.","The program developed a partnership with an external organization, Abbott, to obtain a necessary resource (CGM sensors) to implement the innovation for uninsured patients.",Correct,1,,,
4890,Ung,strat_48,48,Develop resource sharing agreements,1,Accurately labeled specimens were sent to Clinical Labs of Hawaii for processing.,"The study developed a partnership with an external organization, Clinical Labs of Hawaii, to provide the necessary laboratory processing resources for the HPV self-swab tests.",No,0,Sending samples for processing is not sharing resources,,
3934,Venishetty,strat_48,48,Develop resource sharing agreements,1,Most of the program’s work is done through collaborative agreements and collaborations with multiple community organizations and FQHCs.,"The program established collaborative agreements with FQHCs and community organizations to implement the screening program, which constitutes developing partnerships to share resources.",Correct,1,,,
4115,Walker,strat_48,48,Develop resource sharing agreements,1,"Spokes were compensated with a stipend ranging from $2,500 to $10,000 for data acquisition and sharing based on spoke size and data acquisition complexity.","The study established a formal agreement where participating health centers (spokes) shared patient data with the research team in exchange for financial compensation, which is a direct example of a resource sharing agreement.",Correct,1,,,
4519,EspinozaSalomon,strat_49,49,Faciliate relay of clinical data to providers,1,"Each week, a member of the study team reviewed each participant’s data with them, praising achievements, identifying barriers to physical activity, and discussing solutions.","The study team reviewed weekly personal activity tracker data with participants to provide coaching and feedback, which fits the definition of relaying clinical data to providers to promote the use of the targeted innovation.","No.   Coded appropriately as ""intevene with patients to enhance update""",0,,No,Agree
3528,Kim,strat_49,49,Faciliate relay of clinical data to providers,1,A health coach employed by the health center reviewed the RPM data via a secure web portal.,"The intervention established a secure web portal through which remote patient monitoring data was transmitted and made available for review by the health coach, directly facilitating the relay of clinical data to providers to inform care.",Correct,1,,,
3974,Shareef,strat_49,49,Faciliate relay of clinical data to providers,1,"The patient navigator was provided with a weekly list of individuals with an abnormal FIT and asked to use a checklist to ensure completion of key steps in the follow-up process, and to implement specific interventions for any incomplete steps (Table 1).","A system was established to provide a weekly list of patients with abnormal test results to a navigator, who then used this data to facilitate provider action, fitting the definition of relaying clinical data to promote the innovation.",Correct,1,,,
3934,Venishetty,strat_49,49,Faciliate relay of clinical data to providers,1,The laboratory supplied FIT results to the FQHCs and the project team.,"The study describes a process where laboratory results were supplied directly to the FQHCs, which facilitates the relay of clinical data to providers for patient records and follow-up.",Correct,1,,,
4746,Llavona-Ortiz,strat_50,50,Remind clinicans,1,"Upon completing the TIMI, participants received a printed provider prompt indicating their intent regarding CRCS: (1) “I will definitely get screened to prevent CRC”, (2) “I am thinking about getting screened for CRC”, or (3) “I am not interested in getting screened for CRC.”).","The intervention provided patients with a printed prompt to give to their provider, which serves as a paper-based reminder for the clinician to discuss and facilitate colorectal cancer screening.",Correct,1,,,
3974,Shareef,strat_50,50,Remind clinicans,1,Initiate provider feedback to prompt result review if incomplete,"The patient navigator's role included initiating feedback to providers if they had not reviewed an abnormal result, which serves as a direct reminder system to prompt clinicians to take the next step in the care process.",Correct,1,,,
4811,Bowen,strat_51,51,Revise professional roles,1,"An additional 30-minute educational training was conducted with 1 RN and 1 CMA, who functioned as health coaches for the program.","The project revised the roles of an existing RN and CMA by having them function as health coaches, which involved new responsibilities like weekly coaching calls to implement the behavioral program.",Correct,1,,,
4247,Coronado,strat_51,51,Revise professional roles,1,Centralized clinic outreach staff were trained to deliver live advance notiﬁcation phone calls during a 4-hour in-person training delivered (in English and Spanish) by the study team.,"The study revised professional roles by training and designating centralized outreach staff to deliver live advance notification phone calls, a specific task designed to implement the enhanced outreach program.",Correct,1,"We used a pretty liberal definition in our prior coding.  Even when new task they were trained aligns wiht their general role (e.g., nurses training to deliver FOBT informatio) ",,
4519,EspinozaSalomon,strat_51,51,Revise professional roles,1,"Each week, a member of the study team reviewed each participant’s data with them, praising achievements, identifying barriers to physical activity, and discussing solutions.","The role of the study team was revised to include the new tasks of reviewing personal activity tracker data weekly and providing data-driven coaching to participants, which constitutes a revision of professional roles to support the innovation.",No.,0,This is intended for providers,No,Agree
3936,Farley,strat_51,51,Revise professional roles,1,This presents an opportunity for pharmacists in a collaborative clinic setting to increase their involvement in the screening and referral of patients with SDoH needs to support patients and providers in pursuit of optimal care outcomes.,"This study describes expanding the professional role of pharmacists to include screening and referral for social determinants of health, which is a revision of their duties to facilitate the new clinical process.",Correct,1,,,
4052,Gautom,strat_51,51,Revise professional roles,1,"PRECISE’s PN services were conducted by care coordinators, not registered nurses...","The study revised professional roles by having clinic care coordinators deliver the patient navigation services, a task performed by registered nurses in the program from which this intervention was adapted.",Correct,1,,,
4617,Hammarlund,strat_51,51,Revise professional roles,1,"Project ECHO Diabetes addresses this issue by using a ""hub-and-spoke"" model to deliver tele-education, empowering primary care providers to manage diabetes care effectively in these settings.","The text states that the program empowers primary care providers to manage diabetes care, which represents an expansion of their professional role to include tasks typically handled by specialists.",Correct,1,,,
4036,McAtee,strat_51,51,Revise professional roles,1,"Rhode Island Department of Health’s Diabetes, Heart Disease, and Stroke Program (RIDHDS) expanded the roles of certified CHWs (CCHWs), employed by CHTs, for chronic disease with a focus on CVD and DM from 2020 to 2023.","The program's core activity was to expand the roles of CCHWs by providing them with specialty training in CVD and DM, enabling them to offer targeted health coaching and support, which is a direct revision of their professional role.",Correct,1,,,
3987,Nuno,strat_51,51,Revise professional roles,1,MSD was delivered in Spanish by an assigned promotora from each FQHC.,"The intervention was delivered by existing FQHC staff members, promotoras, who were assigned the new role of administering the 13-week educational program, which constitutes a revision of their professional roles to deliver the innovation.",Correct,1,,,
4684,Thakur,strat_51,51,Revise professional roles,1,"During enrollment and subsequent visits, pharmacists were responsible for the application and removal of CGM sensors. They also provided patient education and instructions on how to use CGM devices.",The implementation strategy involved revising the professional role of pharmacists to include new responsibilities such as applying and removing CGM sensors and providing patient education to facilitate the program.,Correct,1,,,
3934,Venishetty,strat_51,51,Revise professional roles,1,"In this study, some participants received introductory phone calls from patient navigators or CHWs.","The study utilized patient navigators or Community Health Workers (CHWs) to perform specific tasks like making introductory and reminder calls, which constitutes revising or introducing professional roles to implement the screening intervention.",Correct,1,,,
,,,,,,,,,0.8376068376,,,